sha1,reason
025ec41f66bd8952fd5f0e29a7995ddd21c1ef04,entities
0746851257a394a3b235e84432ee70a632198fac,entities
07bf71a4827bd0a4d68af5b2f11978a7792564f5,filelist & entities
07fd93cdca93801ad668d11a223e031604953f41,entities
084fb9860ecd7b799047ed78cf38ee62d795be1c,filelist & entities
0967936415a76c68bfe1f258c10f32f3ef80c9ce,filelist & entities
0a8ad0ed6e23e404811cd347173146380b025ebc,entities
0bd2ae73864cb5c348e8f8c6c8f8e30b3390afe5,filelist & entities
0d6f541bd62add6b384d98a02575ed51fe645d1c,filelist
0d74e347d5c49747e99b92589f251b7afec5d177,entities
0e08530e44f4d498e47f754c6cdc556975910b9e,filelist
0f31d8796aac25ae1b980e97dfb845c0a769d7b1,entities
0f444082d1d5e3032e472244ad569d58f538c6a1,entities
104da9942b07e7c9e1ca68fec0046864747ecd65,filelist & entities
10baf5e5f478af7b3e1e9c2d5246e330203895ab,filelist & entities
11cc4ce5b6b100000daced7b2aeaedcd7d04c531,entities
124222fa2f0f699b1dfd10e907063562e8c1535b,filelist & entities
14819997b56741c806a96773653b279be6e8ad8b,filelist & entities
160bf2ee429b06c0060329a9de6d170c9b7e7f2e,filelist & entities
16bc9d63dc8eb7c53e0da6fed28ee4de14951b74,filelist & entities
19791af9a89b01f816b99f1867b5d621824d7cd2,entities
1b648da85ea0fe8b024a1b4fc4d14e0bb028b379,filelist & entities
1b8f638dc8456fb50799072af7551a8038405135,filelist & entities
1be15578635e4eda487d63508757daad8a1d8224,entities
1d6e03045e3f4277d96b68f06c2d514775fb742f,filelist & entities
1e0d286190656a5b97aa01b7eff43463626c39b2,entities
1f24845e4194c46ebe075c020c7832c159f7481c,entities
20faed108826edc61283c8cef88dee533c04d01a,entities
226384883bbd38b8adac36f653065b199ab0368d,filelist & entities
235f2dfb0a207275c050a71813711834b193ea70,filelist & entities
24aca8f8ada5edf09b66ba7a266402683f703484,entities
251fbbda352bfc5b7aff9b129e931831a012deae,filelist & entities
25c6504536410156692f53a05a8c2c5768f2745d,entities
275821763541bb86a2587747b657c12f0889b83a,entities
283df29390c752e761a03b2c3f4df1de24a6073b,filelist & entities
28a82bb6c5492ec0328494d5a7c9af613316adb3,entities
28aeb91ad5360821b9c6f8c5ba7e594c6f070820,entities
29d2132b28cb433d578f669949ce4ded0c018996,filelist & entities
2a903124ba63fcde0f18210b7017fdb5e5afb4c5,filelist & entities
2c6d71934dcaa6dcca7e9ad163dacaaa78c8c67b,entities
2d5637556f19606f538c99e00fd4f1dcb1bd8010,entities
2e686a1aa81d62e53dabaa0eec6af2749c5fa438,entities
306d30d45243ba3b7c20364d84b74ac7e320ce00,filelist & entities
316643089f81aa5f1d77524d2bfbbd61ca7c9382,filelist & entities
3228d2790ccbddcb81a70bb1f5ed13d83216cd36,filelist & entities
3434286f6f7796ef6e8e773bfc0f334f2e5a4e41,entities
34b35b5473b2ace51743f7f87e7be95d777114c6,entities
35e9df3386828fa167dd33b51cde16293278c867,filelist & entities
36c02f9805033fe9022777ae78d5593582fffe49,filelist & entities
3bfff93075a48b042396d4ef6d1d3786288b09be,entities
3c777f26357e1d7e3a4ba3155c8d461d59dd9017,entities
3c7932831dc57393f88d91c766a52fbf1ffac7ed,filelist & entities
3d7ddd670593ab09010ba6a17372edc6d092920b,entities
405f019b14b1692188826c31bbbc8a36585078b2,filelist & entities
40dd4be0d6cfec7d0ba8003d2bf057ddfc17bf5b,entities
426f22d5dfbc7dfcfafe0d948b00723677852057,filelist & entities
42c09f0888f4ca655c18db939a70fd21167c6047,entities
44c25bd689f9b0958bf96dcfe76bdbc8af3ea9f0,filelist & entities
451015778718c1f7b19491a7a8b7766e7e764f26,filelist & entities
462210255485161b6e71a916d9d4b51e491dbd16,entities
465f53d2e78b1e9a3ca51aa3ba5f88c92bb20ed5,filelist & entities
46cd0dd3bc5db2a4bdffd66f2221ec2cbd1197bc,filelist & entities
4738f0d5f2c53151f1b4ab9b571fa6774ffa21cf,entities
4948fda08930c5c2a86058cccea9d625ababd334,entities
499eb05c1445adc4be3a8a3b97c973ce469609b9,entities
49e21c614ff66556be9eaa2d8a4df75e3366bbd4,filelist & entities
4bdc187709acfda5fc35cba6de2c8050442a1c8c,entities
4dcb451a03bb4b8f1756aa8f399c130f61677a33,entities
4e71eeb6b3a37a9aeb60fbccacb521c85060b0de,entities
4ffab2932d2881f013f6f23dac103219574220ff,entities
505fab64e5af767fbb422cba91588acae9c7d1fa,entities
52275537a1c5143393ff3f81e86562fa5a02d558,entities
5285c3ac25984a1b2bff181423b1cf0fb1631233,filelist & entities
56bdc9537ce076265499b7356e90d8bc06370139,entities
576b4e976409c61d356fc91c3d904ada4eb40d0c,filelist & entities
58574b881ab4169bf2b60c297078d7d11ecb2c12,entities
58dedba2cf0643c4359ebb87ba8a52f9a39583ce,entities
5d5e074ebf7eefa1930aa33a73205b3ed82955ce,entities
5de2a427e521111df6ab64a0eabc097fd5e60fc8,entities
5f0056e43c8de8993d31aa41bfc9fde77a147d29,entities
5f396e2a6e4671e03d0a1fdb32e2fd8d486952cc,filelist
5f7285275b50873fc4cf178b4151aad6b5301ce0,filelist & entities
5ff8f46d3fc0a55328151ac21b924200ba30253c,entities
6076a5a21c3948b93eaa1d72d4d9655a12634e54,entities
6121a14331833f097f05145c486ae8f2a991b12d,entities
6180b5983138f4de562d71ea941129293a4aeece,entities
629502db77d45986458c2ff8953656c9a367d742,filelist & entities
637d7b4d633f2b2146d8ad0207ade15c87399f2a,entities
6461e9591f34992bafd6dc8803d4ac03cf4e8e98,filelist
6526e89482561892ceefd8ce361ccd7b9d7b953f,entities
65744c0fcf82b8b35e40c724f395feee6a81d60f,entities
680843909731fae52714194a3e9caaba7382bbc4,entities
69c77194a5e134909902f0d45c3f8747d2bdd379,filelist
6af558be6d825be08cdc68374bc2390784823912,entities
6b45055221ce28e8d7ff8dbc77e3ffbfdd0a71da,filelist & entities
6c0a2069b261112faab5c79ee897ce9105f60233,entities
6cbd5a436ff4f9378dd167932b84736438c3190d,entities
6d9f45977a179e30c2777440b58c23da02807af9,entities
6dfe95973a987447fae9ec590efb4eca30d31500,entities
6fd7a03693a7bf89ca7e98701c08bcf239e31f96,filelist & entities
700d35da1dbd49b42308e9b78bd389d2f1d03a52,entities
7026a67472f43fa8461809354c1ae187e784bd28,filelist & entities
72d774524603992b760351e29d05905f38bc9eb1,filelist & entities
7389ad555ad07be5119ef5f2b1f7dd4cbfec4564,filelist & entities
74b93019b169c31f26fb71a5a4dc7cee525caeec,filelist & entities
772a3beb014249e83e6fe5939391efb3561e57e5,filelist & entities
77faeef05468e52ad0faef4c71639c463d02a7ab,entities
791641fce0c0d53ddec6954db52b06e60a24b203,entities
7917baf3640c7aaa32527e9bdf08221225b5b06b,entities
792b6fce6d7d3bde919103bdc7fe37c91a3613d5,filelist & entities
795ad82eca09c1b2e6bed8ac6b712de080d6563c,entities
7bc5ceb265c070da39f8b97b0fc50636b5e3dfbd,entities
7c0224fd4dc3e143e20a5e4b7414459626b598ff,filelist & entities
7c608669153c250051a47b3a994c9d3acf1e4051,entities
7c6a61ec34b19bc007cf8c2e49b7604fa5085d94,filelist & entities
7c903270489db89672bdc8c019c97b9a9d236028,entities
7d07f6b7c3ae185a5406fb2ffd7d2c31371ac54c,entities
7ec324fd6b545ce1646a573efa4d2093db56e71b,filelist & entities
813c1e68e86dcfc67d9536f7b499179106e831da,filelist & entities
81ca9000bbfd925a5b39657a6a7cba624cf9bf63,filelist & entities
8276d33306460a9a6ab73ba371afca1c13af94c9,filelist & entities
82770aeb90cf427b558982a0a47e46be7dddba6d,entities
8721b24571aa5fab63b9f316fdb4978e30f6679d,filelist & entities
8750457bcb54eba94469ed4b41477e87dd37a578,filelist & entities
87d60ef43423219413987b1178969a2b1fc3b52a,entities
88fb1e81dfb9fdea913786c1808366dccdbe73df,filelist & entities
8945e9beb920ae96bf7beff6aede30e3072c7b69,entities
8bd56711c9aba8c9f9701c122fce8686bb9880a7,entities
8c8abbc6131f55acf47e961b00e61f46fd6c5ade,filelist & entities
90cd4433a1cefacd510d222927764fe416993be0,filelist & entities
91cc8ed5cffb9c111fbdac14626b0bedc5634b18,entities
921d026aee25558f857b32321ebb28cc5ab9f894,entities
9275610f7501d7717d1d0c671b126311f67b0046,entities
9311544ffaa8a8139843b5dc70419053adcd72bd,filelist & entities
93e9f56bf6fddbda57f2f5a541af58322df8e38c,filelist & entities
97215d4920458b3a7357724db6c83d4495b4e471,filelist & entities
97875c0730e04278e48f563098487123727e1cab,entities
98f612bd22ea7ba0653c8e9036e2c20b6bae5fee,filelist
9945fe0d81f8a1534f295f888bd06c32d3bfb571,filelist & entities
9b28086097877e6698c7c0addbe03f703524e384,entities
9b4a17764e10e189a60354e9184d3e9aa9984087,filelist
9f01335d1fc74d953edc91041b57bed19f8805a8,entities
a14ce259f408dfdc63f293536e986a79fadfe780,filelist & entities
a27263339012bca930968a4ace86a93cbcf4e8d7,entities
a3b27ccaf0c91b512358219c7b0ca25e20df83ce,filelist & entities
a3ffcbd21b38956eb7738ba86a86ba2ed6949b08,entities
a5dae19a1f1c53b65ab80809ea9f104fec4c4f34,filelist & entities
a66295f2d4128a34812e47b8823f2ee035831c5f,filelist & entities
a9a5cb083dca82d10a8524502a03e05f80da8353,entities
a9f5d9bd0c795bd37b14d61d6a90d559c69b4d9a,entities
aa799cd02098e96b0ebd14ab3c6bf36d8f89d7d0,entities
ac7d0d37d432298ad7b99e3f04cd7514dbca3086,entities
ae7781ec297a509a6005ded4ac10b9cfbbc71e5a,entities
aedc6dfd63bb5b653bc9de1e676950234b2b1f5d,entities
b12c2ae19726aee05b5e08a00c8984d96aae3e7d,entities
b2240e9bb4d9759e32aa246561e9879fe48029a7,entities
b253ab2b259c0825330331bc03bb697a581d227b,entities
b4a5263d683b6ca59d7f39465c9fad6add38de4d,entities
b4d22321a2bb19e56af0772d7f25c1b86f3e6f76,filelist & entities
b5d4975c06bab5172972f0850d946264d7a727a9,entities
b5d72af68067d49821ea517f4b21d4ec0fb82b09,filelist & entities
b8046304fdc32c3e9be59152ef7f542b3b740b06,filelist & entities
b92ab556aae11fe3080383c09ea27e0eed1e58e4,entities
b9fddbe6655a3804357052d220394a17499b6a38,filelist & entities
ba5e16dbd8c1cb60a0899e80e424655fa4ef4875,filelist & entities
bcc1f2e31226129814aa55a25f85a409c0fc8c82,entities
bdad8a4459b80846274c877493da7a12cb6ff24c,filelist
be0d1289c2621e7ec77b8dba80fd9fbb971a05af,entities
c214d53d9da4ea216e42e229cc27f6874ba30fd3,entities
c2324d2c46772268fe3f73a884d2d1c03fd56cc3,filelist & entities
c2699b2d29522e1d38f1f23e1b4b2c84a43ba579,filelist
c29c12c0bcfebd59dfddc08480f1575a66f4e501,entities
c4b6ce3ddab48e8716c821ec12a7d97dd1e1ba75,filelist & entities
c682bf999838fafc128aff8c896e17a0040bb9d1,entities
c722288e93cb930f25cb77ae7136d0ae57502a32,entities
cb165f220563d85606335553edf75a3b64f93747,filelist & entities
cb7c6277f0aff3274700c2bbb53303a42435c4a2,entities
cc778574c7539ec5fd05ba3f5880a0b19fab5826,filelist & entities
cd4c104ea1962bc5f8adec60cb1b9f08331a73c1,entities
ce3784093cb4998302707a63cf179947dfbf5858,filelist & entities
cebdb8a9f3ca1f789386ca6f4b91820bef65af82,filelist & entities
cf641fed20d19e194054faa245eca9a672b530bc,entities
cf987b414ae1f819f31fbf6e433eca168f71423e,entities
d024e40227349c5c81889ee1c4f6d71e54360a0b,entities
d04042cb5346186da6df400303d68f05f942b082,entities
d18859babaa1d913fce9514fccf561f2cba0d291,filelist & entities
d3384cf5bf8930487274870980b42425271f03a7,entities
d37cf3233a75c41f0feb6fae2da7e078129646ac,entities
d3a68908627f4c52d0818ed5fd8959f2d00b7438,filelist & entities
d46dfe07f489e1096fc25aef532d49c056556dea,entities
d583893bd729bd2ae861fabdda0a1a8f2ce209d0,entities
d6a4601f4e6d4ac92f1e2fd8d0b3010a8f802059,filelist & entities
d708affbda590a0a4e0cf83fa0cc9873afe771e3,filelist & entities
d95b60d2b6b4cb9f7c8b1190f19eb53fbf81028b,entities
daec55839b47e09ee18914a80f151d993e50fba3,filelist
db8b6fccec2bd996b425aa967ec191dad5e5634e,filelist & entities
dd98c7ae3cdc051742edf57400f008eeb3c7cb1c,entities
de6be6d2c73b1dbcdcfdb2c0a17eca15efaac1ec,entities
e08fd34cf688d9fd03aced1498f514930e6ee4a1,entities
e0f214b9cc47961f476926dec6acb46d6217b26d,entities
e2f920828d09dbd2048d5ce225ea47dbb9b39cca,entities
e46ba60aa318a7ed83aa0e7c9062fed4e4c5c1cb,filelist & entities
e4e215f8f2bc3878511dd72266a5abd36928e639,entities
e9f09a621854fcc23e96574f7ee12499494e0762,filelist & entities
ea9cddd428170de116af497cc1ed5c7c4857b42e,entities
f12122c4d787dd566d74e4873e773f81d12b5810,entities
f197925829c47f7669f0e24bdbdaaf062417be71,entities
f22b254c7e6be1b55b3a17fb2ca6dca68ca8950b,entities
f2d613de512660e18fb98e7b5fe7ed673c5347cc,filelist & entities
f2e9327d82488f75954057274746c1e033345383,entities
f4517f4237ab943e320268923aa7e2df652fdc5f,entities
f57518053a8c263e5f2bb3c2f7b50c320a96494d,filelist & entities
f67c341935bf973402ac09dd4afad063bc8b9679,filelist & entities
f72e98a9759a6ac3cc480def43b518becc702189,entities
f8178212a46f6767d4d30dc7c2a3707ec135d4fb,filelist & entities
f9afaa0669c7836407684cede2bdb1ef8030e99e,filelist & entities
f9cdbb89e540699daa74f4b349050be0f1c29431,entities
fa45a27c489c022505ea49ec8340f9caa8e01e8e,filelist & entities
faf0f46d8468a93d5412121989bbb15b654a8b41,entities
fba887947fe41b97860645ace89af9d7782bbb9f,entities
fc0caa3966f813cdc9e8289ee216b6f8cbfb2007,filelist & entities
fd036e1f556c2cf889c43a9797fd352b03590f1e,filelist & entities
fd74a9d8a4786b1a3860031d7e6803e1d8f184f3,entities
fd8d65af93b4e656d156e269793db26322768448,filelist & entities
fde1106929337c20c74b69f5fa90daf2c502b444,filelist
ff965f467d8a4f9f3d739c25a5ef786f49c08b6b,entities
ffa1c757302d3a0f24213370ed6dc78fe19edfa3,filelist & entities
ffc65902e117774295e3ff2731951dbc00218738,entities
